{"version":"1.4.0","project":{"name":"colorwoodSort_6dac0313c9-e4d3c48368","directory":"/home/fadi/newlife2025/uni/colorwoodSort-SE/src/main/scala/de/htwg/se/colorwoodSort/.scala-build","workspaceDir":"/home/fadi/newlife2025/uni/colorwoodSort-SE/src/main/scala/de/htwg/se/colorwoodSort","sources":["/home/fadi/newlife2025/uni/colorwoodSort-SE/src/main/scala/de/htwg/se/colorwoodSort/colorwoodSort.scala"],"dependencies":[],"classpath":["/home/fadi/.cache/coursier/arc/https/github.com/scala/scala3/releases/download/3.6.4/scala3-3.6.4-x86_64-pc-linux.tar.gz/scala3-3.6.4-x86_64-pc-linux/maven2/org/scala-lang/scala3-library_3/3.6.4/scala3-library_3-3.6.4.jar","/home/fadi/.cache/coursier/arc/https/github.com/scala/scala3/releases/download/3.6.4/scala3-3.6.4-x86_64-pc-linux.tar.gz/scala3-3.6.4-x86_64-pc-linux/maven2/org/scala-lang/scala-library/2.13.15/scala-library-2.13.15.jar"],"out":"/home/fadi/newlife2025/uni/colorwoodSort-SE/src/main/scala/de/htwg/se/colorwoodSort/.scala-build/.bloop/colorwoodSort_6dac0313c9-e4d3c48368","classesDir":"/home/fadi/newlife2025/uni/colorwoodSort-SE/src/main/scala/de/htwg/se/colorwoodSort/.scala-build/colorwoodSort_6dac0313c9-e4d3c48368/classes/main","scala":{"organization":"org.scala-lang","name":"scala-compiler","version":"3.6.4","options":["-sourceroot","/home/fadi/newlife2025/uni/colorwoodSort-SE/src/main/scala/de/htwg/se/colorwoodSort"],"jars":["/home/fadi/.cache/coursier/arc/https/github.com/scala/scala3/releases/download/3.6.4/scala3-3.6.4-x86_64-pc-linux.tar.gz/scala3-3.6.4-x86_64-pc-linux/maven2/org/scala-lang/scala3-compiler_3/3.6.4/scala3-compiler_3-3.6.4.jar","/home/fadi/.cache/coursier/arc/https/github.com/scala/scala3/releases/download/3.6.4/scala3-3.6.4-x86_64-pc-linux.tar.gz/scala3-3.6.4-x86_64-pc-linux/maven2/org/scala-lang/scala3-interfaces/3.6.4/scala3-interfaces-3.6.4.jar","/home/fadi/.cache/coursier/arc/https/github.com/scala/scala3/releases/download/3.6.4/scala3-3.6.4-x86_64-pc-linux.tar.gz/scala3-3.6.4-x86_64-pc-linux/maven2/org/scala-lang/scala3-library_3/3.6.4/scala3-library_3-3.6.4.jar","/home/fadi/.cache/coursier/arc/https/github.com/scala/scala3/releases/download/3.6.4/scala3-3.6.4-x86_64-pc-linux.tar.gz/scala3-3.6.4-x86_64-pc-linux/maven2/org/scala-lang/tasty-core_3/3.6.4/tasty-core_3-3.6.4.jar","/home/fadi/.cache/coursier/arc/https/github.com/scala/scala3/releases/download/3.6.4/scala3-3.6.4-x86_64-pc-linux.tar.gz/scala3-3.6.4-x86_64-pc-linux/maven2/org/scala-lang/modules/scala-asm/9.7.1-scala-1/scala-asm-9.7.1-scala-1.jar","/home/fadi/.cache/coursier/arc/https/github.com/scala/scala3/releases/download/3.6.4/scala3-3.6.4-x86_64-pc-linux.tar.gz/scala3-3.6.4-x86_64-pc-linux/maven2/org/scala-sbt/compiler-interface/1.10.4/compiler-interface-1.10.4.jar","/home/fadi/.cache/coursier/arc/https/github.com/scala/scala3/releases/download/3.6.4/scala3-3.6.4-x86_64-pc-linux.tar.gz/scala3-3.6.4-x86_64-pc-linux/maven2/org/jline/jline-reader/3.27.1/jline-reader-3.27.1.jar","/home/fadi/.cache/coursier/arc/https/github.com/scala/scala3/releases/download/3.6.4/scala3-3.6.4-x86_64-pc-linux.tar.gz/scala3-3.6.4-x86_64-pc-linux/maven2/org/jline/jline-terminal/3.27.1/jline-terminal-3.27.1.jar","/home/fadi/.cache/coursier/arc/https/github.com/scala/scala3/releases/download/3.6.4/scala3-3.6.4-x86_64-pc-linux.tar.gz/scala3-3.6.4-x86_64-pc-linux/maven2/org/jline/jline-terminal-jni/3.27.1/jline-terminal-jni-3.27.1.jar","/home/fadi/.cache/coursier/arc/https/github.com/scala/scala3/releases/download/3.6.4/scala3-3.6.4-x86_64-pc-linux.tar.gz/scala3-3.6.4-x86_64-pc-linux/maven2/org/scala-lang/scala-library/2.13.15/scala-library-2.13.15.jar","/home/fadi/.cache/coursier/arc/https/github.com/scala/scala3/releases/download/3.6.4/scala3-3.6.4-x86_64-pc-linux.tar.gz/scala3-3.6.4-x86_64-pc-linux/maven2/org/scala-sbt/util-interface/1.10.4/util-interface-1.10.4.jar","/home/fadi/.cache/coursier/arc/https/github.com/scala/scala3/releases/download/3.6.4/scala3-3.6.4-x86_64-pc-linux.tar.gz/scala3-3.6.4-x86_64-pc-linux/maven2/org/jline/jline-native/3.27.1/jline-native-3.27.1.jar"],"bridgeJars":["/home/fadi/.cache/coursier/arc/https/github.com/scala/scala3/releases/download/3.6.4/scala3-3.6.4-x86_64-pc-linux.tar.gz/scala3-3.6.4-x86_64-pc-linux/maven2/org/scala-lang/scala3-sbt-bridge/3.6.4/scala3-sbt-bridge-3.6.4.jar"]},"java":{"options":[]},"platform":{"name":"jvm","config":{"home":"/usr/lib/jvm/java-11-openjdk-amd64","options":[]},"mainClass":[]},"resolution":{"modules":[{"organization":"org.scala-lang","name":"scala3-library_3","version":"3.6.4","artifacts":[{"name":"scala3-library_3","path":"/home/fadi/.cache/coursier/arc/https/github.com/scala/scala3/releases/download/3.6.4/scala3-3.6.4-x86_64-pc-linux.tar.gz/scala3-3.6.4-x86_64-pc-linux/maven2/org/scala-lang/scala3-library_3/3.6.4/scala3-library_3-3.6.4.jar"}]},{"organization":"org.scala-lang","name":"scala-library","version":"2.13.15","artifacts":[{"name":"scala-library","path":"/home/fadi/.cache/coursier/arc/https/github.com/scala/scala3/releases/download/3.6.4/scala3-3.6.4-x86_64-pc-linux.tar.gz/scala3-3.6.4-x86_64-pc-linux/maven2/org/scala-lang/scala-library/2.13.15/scala-library-2.13.15.jar"}]}]},"tags":["library"]}}