{
  "name": "scala",
  "argv": [
    "/home/fadi/.cache/coursier/arc/https/github.com/scala/scala3/releases/download/3.6.4/scala3-3.6.4-x86_64-pc-linux.tar.gz/scala3-3.6.4-x86_64-pc-linux/libexec/scala-cli",
    "--cli-default-scala-version",
    "3.6.4",
    "--repository",
    "file:///home/fadi/.cache/coursier/arc/https/github.com/scala/scala3/releases/download/3.6.4/scala3-3.6.4-x86_64-pc-linux.tar.gz/scala3-3.6.4-x86_64-pc-linux/maven2",
    "--prog-name",
    "scala",
    "--skip-cli-updates",
    "bsp",
    "--json-options",
    "/home/fadi/newlife2025/uni/colorwoodSort-SE/src/main/scala/de/htwg/se/colorwoodSort/.scala-build/ide-options-v2.json",
    "--json-launcher-options",
    "/home/fadi/newlife2025/uni/colorwoodSort-SE/src/main/scala/de/htwg/se/colorwoodSort/.scala-build/ide-launcher-options.json",
    "--envs-file",
    "/home/fadi/newlife2025/uni/colorwoodSort-SE/src/main/scala/de/htwg/se/colorwoodSort/.scala-build/ide-envs.json",
    "/home/fadi/newlife2025/uni/colorwoodSort-SE/src/main/scala/de/htwg/se/colorwoodSort/colorwoodSort.scala"
  ],
  "version": "1.5.4",
  "bspVersion": "2.1.1",
  "languages": [
    "scala",
    "java"
  ]
}